08:40:35, 0.10000000149, 1, 0, 0.10000000149, 1, 0
08:40:35, 0.20000000298, 1, 0, 0.20000000298, 1, 0
08:40:35, 0.30000000447, 1, 0, 0.30000000447, 1, 0
08:40:36, 0.40000000596, 1, 0, 0.40000000596, 1, 0
08:40:36, 0.500000007451, 1, 0, 0.500000007451, 1, 0
08:40:36, 0.600000008941, 1, 0, 0.600000008941, 1, 0
08:40:36, 0.700000010431, 1, 0, 0.700000010431, 1, 0
08:40:36, 0.800000011921, 1, 0, 0.800000011921, 1, 0
08:40:36, 0.900000013411, 1, 0, 0.900000013411, 1, 0
08:40:36, 1.0000000149, 1, 0, 1.0000000149, 1, 0
08:40:36, 1.10000001639, 1, 0, 1.10000001639, 1, 0
08:40:36, 1.20000001788, 1, 0, 1.20000001788, 1, 0
08:40:36, 1.30000001937, 1, 0, 1.30000001937, 1, 0
08:40:37, 1.40000002086, 1, 0, 1.40000002086, 1, 0
08:40:37, 1.50000002235, 1, 0, 1.50000002235, 1, 0
08:40:37, 1.60000002384, 1, 0, 1.60000002384, 1, 0
08:40:37, 1.70000002533, 1, 0, 1.70000002533, 1, 0
08:40:37, 1.80000002682, 1, 0, 1.80000002682, 1, 0
08:40:37, 1.90000002831, 1, 0, 1.90000002831, 1, 0
08:40:37, 2.0000000298, 1, 0, 2.0000000298, 1, 0
08:40:37, 2.10000003129, 1, 0, 2.10000003129, 1, 0
08:40:37, 2.20000003278, 1, 0, 2.20000003278, 1, 0
08:40:37, 2.30000003427, 1, 0, 2.30000003427, 1, 0
08:40:38, 2.40000003576, 1, 0, 2.40000003576, 1, 0
08:40:38, 2.50000003725, 1, 0, 2.50000003725, 1, 0
08:40:38, 2.60000003874, 1, 0, 2.60000003874, 1, 0
08:40:38, 2.70000004023, 1, 0, 2.70000004023, 1, 0
08:40:38, 2.80000004172, 1, 0, 2.80000004172, 1, 0
08:40:38, 2.90000004321, 1, 0, 2.90000004321, 1, 0
08:40:38, 3.0000000447, 1, 0, 3.0000000447, 1, 0
08:40:38, 3.10000004619, 1, 0, 3.10000004619, 1, 0
08:40:38, 3.20000004768, 1, 0, 3.20000004768, 1, 0
08:40:38, 3.30000004917, 1, 0, 3.30000004917, 1, 0
08:40:39, 3.40000005066, 1, 0, 3.40000005066, 1, 0
08:40:39, 3.50000005215, 1, 0, 3.50000005215, 1, 0
08:40:39, 3.60000005364, 1, 0, 3.60000005364, 1, 0
08:40:39, 3.70000005513, 1, 0, 3.70000005513, 1, 0
08:40:39, 3.80000005662, 1, 0, 3.80000005662, 1, 0
08:40:39, 3.90000005811, 1, 0, 3.90000005811, 1, 0
08:40:39, 4.0000000596, 1, 0, 4.0000000596, 1, 0
08:40:39, 4.10000006109, 1, 0, 4.10000006109, 1, 0
08:40:39, 4.20000006258, 1, 0, 4.20000006258, 1, 0
08:40:39, 4.30000006407, 1, 0, 4.30000006407, 1, 0
08:40:40, 4.40000006557, 1, 0, 4.40000006557, 1, 0
08:40:40, 4.50000006706, 1, 0, 4.50000006706, 1, 0
08:40:40, 4.60000006855, 1, 0, 4.60000006855, 1, 0
08:40:40, 4.70000007004, 1, 0, 4.70000007004, 1, 0
08:40:40, 4.80000007153, 1, 0, 4.80000007153, 1, 0
08:40:40, 4.90000007302, 1, 0, 4.90000007302, 1, 0
08:40:40, 5.00000007451, 1, 0, 5.00000007451, 1, 0
08:40:40, 5.100000076, 1, 0, 5.100000076, 1, 0
08:40:40, 5.20000007749, 1, 0, 5.20000007749, 1, 0
08:40:40, 5.30000007898, 1, 0, 5.30000007898, 1, 0
08:40:41, 5.40000008047, 1, 0, 5.40000008047, 1, 0
08:40:41, 5.50000008196, 1, 0, 5.50000008196, 1, 0
08:40:41, 5.60000008345, 1, 0, 5.60000008345, 1, 0
08:40:41, 5.70000008494, 1, 0, 5.70000008494, 1, 0
08:40:41, 5.80000008643, 1, 0, 5.80000008643, 1, 0
08:40:41, 5.90000008792, 1, 0, 5.90000008792, 1, 0
08:40:41, 6.00000008941, 1, 0, 6.00000008941, 1, 0
08:40:41, 6.1000000909, 1, 0, 6.1000000909, 1, 0
08:40:41, 6.20000009239, 1, 0, 6.20000009239, 1, 0
08:40:41, 6.30000009388, 1, 0, 6.30000009388, 1, 0
08:40:42, 6.40000009537, 1, 0, 6.40000009537, 1, 0
08:40:42, 6.50000009686, 1, 0, 6.50000009686, 1, 0
08:40:42, 6.60000009835, 1, 0, 6.60000009835, 1, 0
08:40:42, 6.70000009984, 1, 0, 6.70000009984, 1, 0
08:40:42, 6.80000010133, 1, 0, 6.80000010133, 1, 0
08:40:42, 6.90000010282, 1, 0, 6.90000010282, 1, 0
08:40:42, 7.00000010431, 1, 0, 7.00000010431, 1, 0
08:40:42, 7.1000001058, 1, 0, 7.1000001058, 1, 0
08:40:42, 7.20000010729, 1, 0, 7.20000010729, 1, 0
08:40:42, 7.30000010878, 1, 0, 7.30000010878, 1, 0
08:40:43, 7.40000011027, 1, 0, 7.40000011027, 1, 0
08:40:43, 7.50000011176, 1, 0, 7.50000011176, 1, 0
08:40:43, 7.60000011325, 1, 0, 7.60000011325, 1, 0
08:40:43, 7.70000011474, 1, 0, 7.70000011474, 1, 0
08:40:43, 7.80000011623, 1, 0, 7.80000011623, 1, 0
08:40:43, 7.90000011772, 1, 0, 7.90000011772, 1, 0
08:40:43, 8.00000011921, 1, 0, 8.00000011921, 1, 0
08:40:43, 8.1000001207, 1, 0, 8.1000001207, 1, 0
08:40:43, 8.20000012219, 1, 0, 8.20000012219, 1, 0
08:40:43, 8.30000012368, 1, 0, 8.30000012368, 1, 0
08:40:44, 8.40000012517, 1, 0, 8.40000012517, 1, 0
08:40:44, 8.50000012666, 1, 0, 8.50000012666, 1, 0
08:40:44, 8.60000012815, 1, 0, 8.60000012815, 1, 0
08:40:44, 8.70000012964, 1, 0, 8.70000012964, 1, 0
08:40:44, 8.80000013113, 1, 0, 8.80000013113, 1, 0
08:40:44, 8.90000013262, 1, 0, 8.90000013262, 1, 0
08:40:44, 9.00000013411, 1, 0, 9.00000013411, 1, 0
08:40:44, 9.1000001356, 1, 0, 9.1000001356, 1, 0
08:40:44, 9.20000013709, 1, 0, 9.20000013709, 1, 0
08:40:44, 9.30000013858, 1, 0, 9.30000013858, 1, 0
08:40:45, 9.40000014007, 1, 0, 9.40000014007, 1, 0
08:40:45, 9.50000014156, 1, 0, 9.50000014156, 1, 0
08:40:45, 9.60000014305, 1, 0, 9.60000014305, 1, 0
08:40:45, 9.70000014454, 1, 0, 9.70000014454, 1, 0
08:40:45, 9.80000014603, 1, 0, 9.80000014603, 1, 0
08:40:45, 9.90000014752, 1, 0, 9.90000014752, 1, 0
08:40:45, 10.000000149, 1, 0, 10.000000149, 1, 0
08:40:45, 10.1000001505, 1, 0, 10.1000001505, 1, 0
08:40:45, 10.200000152, 1, 0, 10.200000152, 1, 0
08:40:45, 10.3000001535, 1, 0, 10.3000001535, 1, 0
08:40:46, 10.400000155, 1, 0, 10.400000155, 1, 0
08:40:46, 10.5000001565, 1, 0, 10.5000001565, 1, 0
08:40:46, 10.600000158, 1, 0, 10.600000158, 1, 0
08:40:46, 10.7000001594, 1, 0, 10.7000001594, 1, 0
08:40:46, 10.8000001609, 1, 0, 10.8000001609, 1, 0
08:40:46, 10.9000001624, 1, 0, 10.9000001624, 1, 0
08:40:46, 11.0000001639, 1, 0, 11.0000001639, 1, 0
08:40:46, 11.1000001654, 1, 0, 11.1000001654, 1, 0
08:40:46, 11.2000001669, 1, 0, 11.2000001669, 1, 0
08:40:46, 11.3000001684, 1, 0, 11.3000001684, 1, 0
08:40:47, 11.4000001699, 1, 0, 11.4000001699, 1, 0
08:40:47, 11.5000001714, 1, 0, 11.5000001714, 1, 0
08:40:47, 11.6000001729, 1, 0, 11.6000001729, 1, 0
08:40:47, 11.7000001743, 1, 0, 11.7000001743, 1, 0
08:40:47, 11.8000001758, 1, 0, 11.8000001758, 1, 0
08:40:47, 11.9000001773, 1, 0, 11.9000001773, 1, 0
08:40:47, 12.0000001788, 1, 0, 12.0000001788, 1, 0
08:40:47, 12.1000001803, 1, 0, 12.1000001803, 1, 0
08:40:47, 12.2000001818, 1, 0, 12.2000001818, 1, 0
08:40:47, 12.3000001833, 1, 0, 12.3000001833, 1, 0
08:40:48, 12.4000001848, 1, 0, 12.4000001848, 1, 0
08:40:48, 12.5000001863, 1, 0, 12.5000001863, 1, 0
08:40:48, 12.6000001878, 1, 0, 12.6000001878, 1, 0
08:40:48, 12.7000001892, 1, 0, 12.7000001892, 1, 0
08:40:48, 12.8000001907, 1, 0, 12.8000001907, 1, 0
08:40:48, 12.9000001922, 1, 0, 12.9000001922, 1, 0
08:40:48, 13.0000001937, 1, 0, 13.0000001937, 1, 0
08:40:48, 13.1000001952, 1, 0, 13.1000001952, 1, 0
08:40:48, 13.2000001967, 1, 0, 13.2000001967, 1, 0
08:40:48, 13.3000001982, 1, 0, 13.3000001982, 1, 0
08:40:49, 13.4000001997, 1, 0, 13.4000001997, 1, 0
08:40:49, 13.5000002012, 1, 0, 13.5000002012, 1, 0
08:40:49, 13.6000002027, 1, 0, 13.6000002027, 1, 0
08:40:49, 13.7000002041, 1, 0, 13.7000002041, 1, 0
08:40:49, 13.8000002056, 1, 0, 13.8000002056, 1, 0
08:40:49, 13.9000002071, 1, 0, 13.9000002071, 1, 0
08:40:49, 14.0000002086, 1, 0, 14.0000002086, 1, 0
08:40:49, 14.1000002101, 1, 0, 14.1000002101, 1, 0
08:40:49, 14.2000002116, 1, 0, 14.2000002116, 1, 0
08:40:49, 14.3000002131, 1, 0, 14.3000002131, 1, 0
08:40:50, 14.4000002146, 1, 0, 14.4000002146, 1, 0
08:40:50, 14.5000002161, 1, 0, 14.5000002161, 1, 0
08:40:50, 14.6000002176, 1, 0, 14.6000002176, 1, 0
08:40:50, 14.700000219, 1, 0, 14.700000219, 1, 0
08:40:50, 14.8000002205, 1, 0, 14.8000002205, 1, 0
08:40:50, 14.900000222, 1, 0, 14.900000222, 1, 0
08:40:50, 15.0000002235, 1, 0, 15.0000002235, 1, 0
08:40:50, 15.100000225, 1, 0, 15.100000225, 1, 0
08:40:50, 15.2000002265, 1, 0, 15.2000002265, 1, 0
08:40:50, 15.300000228, 1, 0, 15.300000228, 1, 0
08:40:51, 15.4000002295, 1, 0, 15.4000002295, 1, 0
08:40:51, 15.500000231, 1, 0, 15.500000231, 1, 0
08:40:51, 15.6000002325, 1, 0, 15.6000002325, 1, 0
08:40:51, 15.7000002339, 1, 0, 15.7000002339, 1, 0
08:40:51, 15.8000002354, 1, 0, 15.8000002354, 1, 0
08:40:51, 15.9000002369, 1, 0, 15.9000002369, 1, 0
08:40:51, 16.0000002384, 1, 0, 16.0000002384, 1, 0
08:40:51, 16.1000002399, 1, 0, 16.1000002399, 1, 0
08:40:51, 16.2000002414, 1, 0, 16.2000002414, 1, 0
08:40:51, 16.3000002429, 1, 0, 16.3000002429, 1, 0
08:40:52, 16.4000002444, 1, 0, 16.4000002444, 1, 0
08:40:52, 16.5000002459, 1, 0, 16.5000002459, 1, 0
08:40:52, 16.6000002474, 1, 0, 16.6000002474, 1, 0
08:40:52, 16.7000002488, 1, 0, 16.7000002488, 1, 0
08:40:52, 16.8000002503, 1, 0, 16.8000002503, 1, 0
08:40:52, 16.9000002518, 1, 0, 16.9000002518, 1, 0
08:40:52, 17.0000002533, 1, 0, 17.0000002533, 1, 0
08:40:52, 17.1000002548, 1, 0, 17.1000002548, 1, 0
08:40:52, 17.2000002563, 1, 0, 17.2000002563, 1, 0
08:40:52, 17.3000002578, 1, 0, 17.3000002578, 1, 0
08:40:53, 17.4000002593, 1, 0, 17.4000002593, 1, 0
08:40:53, 17.5000002608, 1, 0, 17.5000002608, 1, 0
08:40:53, 17.6000002623, 1, 0, 17.6000002623, 1, 0
08:40:53, 17.7000002638, 1, 0, 17.7000002638, 1, 0
08:40:53, 17.8000002652, 1, 0, 17.8000002652, 1, 0
08:40:53, 17.9000002667, 1, 0, 17.9000002667, 1, 0
08:40:53, 18.0000002682, 1, 0, 18.0000002682, 1, 0
08:40:53, 18.1000002697, 1, 0, 18.1000002697, 1, 0
08:40:53, 18.2000002712, 1, 0, 18.2000002712, 1, 0
08:40:53, 18.3000002727, 1, 0, 18.3000002727, 1, 0
08:40:54, 18.4000002742, 1, 0, 18.4000002742, 1, 0
08:40:54, 18.5000002757, 1, 0, 18.5000002757, 1, 0
08:40:54, 18.6000002772, 1, 0, 18.6000002772, 1, 0
08:40:54, 18.7000002787, 1, 0, 18.7000002787, 1, 0
08:40:54, 18.8000002801, 1, 0, 18.8000002801, 1, 0
08:40:54, 18.9000002816, 1, 0, 18.9000002816, 1, 0
08:40:54, 19.0000002831, 1, 0, 19.0000002831, 1, 0
08:40:54, 19.1000002846, 1, 0, 19.1000002846, 1, 0
08:40:54, 19.2000002861, 1, 0, 19.2000002861, 1, 0
08:40:54, 19.3000002876, 1, 0, 19.3000002876, 1, 0
08:40:55, 19.4000002891, 1, 0, 19.4000002891, 1, 0
08:40:55, 19.5000002906, 1, 0, 19.5000002906, 1, 0
08:40:55, 19.6000002921, 1, 0, 19.6000002921, 1, 0
08:40:55, 19.7000002936, 1, 0, 19.7000002936, 1, 0
08:40:55, 19.800000295, 1, 0, 19.800000295, 1, 0
08:40:55, 19.9000002965, 1, 0, 19.9000002965, 1, 0
08:40:55, 20.000000298, 1, 0, 20.000000298, 1, 0
08:40:55, 20.1000002995, 1, 0, 20.1000002995, 1, 0
08:40:55, 20.200000301, 1, 0, 20.200000301, 1, 0
08:40:55, 20.3000003025, 1, 0, 20.3000003025, 1, 0
08:40:56, 20.400000304, 1, 0, 20.400000304, 1, 0
08:40:56, 20.5000003055, 1, 0, 20.5000003055, 1, 0
08:40:56, 20.600000307, 1, 0, 20.600000307, 1, 0
08:40:56, 20.7000003085, 1, 0, 20.7000003085, 1, 0
08:40:56, 20.8000003099, 1, 0, 20.8000003099, 1, 0
08:40:56, 20.9000003114, 1, 0, 20.9000003114, 1, 0
08:40:56, 21.0000003129, 1, 0, 21.0000003129, 1, 0
08:40:56, 21.1000003144, 1, 0, 21.1000003144, 1, 0
08:40:56, 21.2000003159, 1, 0, 21.2000003159, 1, 0
08:40:56, 21.3000003174, 1, 0, 21.3000003174, 1, 0
08:40:57, 21.4000003189, 1, 0, 21.4000003189, 1, 0
08:40:57, 21.5000003204, 1, 0, 21.5000003204, 1, 0
08:40:57, 21.6000003219, 1, 0, 21.6000003219, 1, 0
08:40:57, 21.7000003234, 1, 0, 21.7000003234, 1, 0
08:40:57, 21.8000003248, 1, 0, 21.8000003248, 1, 0
08:40:57, 21.9000003263, 1, 0, 21.9000003263, 1, 0
08:40:57, 22.0000003278, 1, 0, 22.0000003278, 1, 0
08:40:57, 22.1000003293, 1, 0, 22.1000003293, 1, 0
08:40:57, 22.2000003308, 1, 0, 22.2000003308, 1, 0
08:40:57, 22.3000003323, 1, 0, 22.3000003323, 1, 0
08:40:58, 22.4000003338, 1, 0, 22.4000003338, 1, 0
08:40:58, 22.5000003353, 1, 0, 22.5000003353, 1, 0
08:40:58, 22.6000003368, 1, 0, 22.6000003368, 1, 0
08:40:58, 22.7000003383, 1, 0, 22.7000003383, 1, 0
08:40:58, 22.8000003397, 1, 0, 22.8000003397, 1, 0
08:40:58, 22.9000003412, 1, 0, 22.9000003412, 1, 0
08:40:58, 23.0000003427, 1, 0, 23.0000003427, 1, 0
08:40:58, 23.1000003442, 1, 0, 23.1000003442, 1, 0
08:40:58, 23.2000003457, 1, 0, 23.2000003457, 1, 0
08:40:58, 23.3000003472, 1, 0, 23.3000003472, 1, 0
08:40:59, 23.4000003487, 1, 0, 23.4000003487, 1, 0
08:40:59, 23.5000003502, 1, 0, 23.5000003502, 1, 0
08:40:59, 23.6000003517, 1, 0, 23.6000003517, 1, 0
08:40:59, 23.7000003532, 1, 0, 23.7000003532, 1, 0
08:40:59, 23.8000003546, 1, 0, 23.8000003546, 1, 0
08:40:59, 23.9000003561, 1, 0, 23.9000003561, 1, 0
08:40:59, 24.0000003576, 1, 0, 24.0000003576, 1, 0
08:40:59, 24.1000003591, 1, 0, 24.1000003591, 1, 0
08:40:59, 24.2000003606, 1, 0, 24.2000003606, 1, 0
08:40:59, 24.3000003621, 1, 0, 24.3000003621, 1, 0
08:41:00, 24.4000003636, 1, 0, 24.4000003636, 1, 0
08:41:00, 24.5000003651, 1, 0, 24.5000003651, 1, 0
08:41:00, 24.6000003666, 1, 0, 24.6000003666, 1, 0
08:41:00, 24.7000003681, 1, 0, 24.7000003681, 1, 0
08:41:00, 24.8000003695, 1, 0, 24.8000003695, 1, 0
08:41:00, 24.900000371, 1, 0, 24.900000371, 1, 0
08:41:00, 25.0000003725, 1, 0, 25.0000003725, 1, 0
08:41:00, 25.100000374, 1, 0, 25.100000374, 1, 0
08:41:00, 25.2000003755, 1, 0, 25.2000003755, 1, 0
08:41:00, 25.300000377, 1, 0, 25.300000377, 1, 0
08:41:01, 25.4000003785, 1, 0, 25.4000003785, 1, 0
08:41:01, 25.50000038, 1, 0, 25.50000038, 1, 0
08:41:01, 25.6000003815, 1, 0, 25.6000003815, 1, 0
08:41:01, 25.700000383, 1, 0, 25.700000383, 1, 0
08:41:01, 25.8000003844, 1, 0, 25.8000003844, 1, 0
08:41:01, 25.9000003859, 1, 0, 25.9000003859, 1, 0
08:41:01, 26.0000003874, 1, 0, 26.0000003874, 1, 0
08:41:01, 26.1000003889, 1, 0, 26.1000003889, 1, 0
08:41:01, 26.2000003904, 1, 0, 26.2000003904, 1, 0
08:41:01, 26.3000003919, 1, 0, 26.3000003919, 1, 0
08:41:02, 26.4000003934, 1, 0, 26.4000003934, 1, 0
08:41:02, 26.5000003949, 1, 0, 26.5000003949, 1, 0
08:41:02, 26.6000003964, 1, 0, 26.6000003964, 1, 0
08:41:02, 26.7000003979, 1, 0, 26.7000003979, 1, 0
08:41:02, 26.8000003994, 1, 0, 26.8000003994, 1, 0
08:41:02, 26.9000004008, 1, 0, 26.9000004008, 1, 0
08:41:02, 27.0000004023, 1, 0, 27.0000004023, 1, 0
08:41:02, 27.1000004038, 1, 0, 27.1000004038, 1, 0
08:41:02, 27.2000004053, 1, 0, 27.2000004053, 1, 0
08:41:02, 27.3000004068, 1, 0, 27.3000004068, 1, 0
08:41:03, 27.4000004083, 1, 0, 27.4000004083, 1, 0
08:41:03, 27.5000004098, 1, 0, 27.5000004098, 1, 0
08:41:03, 27.6000004113, 1, 0, 27.6000004113, 1, 0
08:41:03, 27.7000004128, 1, 0, 27.7000004128, 1, 0
08:41:03, 27.8000004143, 1, 0, 27.8000004143, 1, 0
08:41:03, 27.9000004157, 1, 0, 27.9000004157, 1, 0
08:41:03, 28.0000004172, 1, 0, 28.0000004172, 1, 0
08:41:03, 28.1000004187, 1, 0, 28.1000004187, 1, 0
08:41:03, 28.2000004202, 1, 0, 28.2000004202, 1, 0
08:41:03, 28.3000004217, 1, 0, 28.3000004217, 1, 0
08:41:04, 28.4000004232, 1, 0, 28.4000004232, 1, 0
08:41:04, 28.5000004247, 1, 0, 28.5000004247, 1, 0
08:41:04, 28.6000004262, 1, 0, 28.6000004262, 1, 0
08:41:04, 28.7000004277, 1, 0, 28.7000004277, 1, 0
08:41:04, 28.8000004292, 1, 0, 28.8000004292, 1, 0
08:41:04, 28.9000004306, 1, 0, 28.9000004306, 1, 0
08:41:04, 29.0000004321, 1, 0, 29.0000004321, 1, 0
08:41:04, 29.1000004336, 1, 0, 29.1000004336, 1, 0
08:41:04, 29.2000004351, 1, 0, 29.2000004351, 1, 0
08:41:04, 29.3000004366, 1, 0, 29.3000004366, 1, 0
08:41:05, 29.4000004381, 1, 0, 29.4000004381, 1, 0
08:41:05, 29.5000004396, 1, 0, 29.5000004396, 1, 0
08:41:05, 29.6000004411, 1, 0, 29.6000004411, 1, 0
08:41:05, 29.7000004426, 1, 0, 29.7000004426, 1, 0
08:41:05, 29.8000004441, 1, 0, 29.8000004441, 1, 0
08:41:05, 29.9000004455, 1, 0, 29.9000004455, 1, 0
08:41:05, 30.000000447, 1, 0, 30.000000447, 1, 0
08:41:05, 30.1000004485, 1, 0, 30.1000004485, 1, 0
08:41:05, 30.20000045, 1, 0, 30.20000045, 1, 0
08:41:05, 30.3000004515, 1, 0, 30.3000004515, 1, 0
08:41:06, 30.400000453, 1, 0, 30.400000453, 1, 0
08:41:06, 30.5000004545, 1, 0, 30.5000004545, 1, 0
08:41:06, 30.600000456, 1, 0, 30.600000456, 1, 0
08:41:06, 30.7000004575, 1, 0, 30.7000004575, 1, 0
08:41:06, 30.800000459, 1, 0, 30.800000459, 1, 0
08:41:06, 30.9000004604, 1, 0, 30.9000004604, 1, 0
08:41:06, 31.0000004619, 1, 0, 31.0000004619, 1, 0
08:41:06, 31.1000004634, 1, 0, 31.1000004634, 1, 0
08:41:06, 31.2000004649, 1, 0, 31.2000004649, 1, 0
08:41:06, 31.3000004664, 1, 0, 31.3000004664, 1, 0
08:41:07, 31.4000004679, 1, 0, 31.4000004679, 1, 0
08:41:07, 31.5000004694, 1, 0, 31.5000004694, 1, 0
08:41:07, 31.6000004709, 1, 0, 31.6000004709, 1, 0
08:41:07, 31.7000004724, 1, 0, 31.7000004724, 1, 0
08:41:07, 31.8000004739, 1, 0, 31.8000004739, 1, 0
08:41:07, 31.9000004753, 1, 0, 31.9000004753, 1, 0
08:41:07, 32.0000004768, 1, 0, 32.0000004768, 1, 0
08:41:07, 32.1000004783, 1, 0, 32.1000004783, 1, 0
08:41:07, 32.2000004798, 1, 0, 32.2000004798, 1, 0
08:41:07, 32.3000004813, 1, 0, 32.3000004813, 1, 0
08:41:08, 32.4000004828, 1, 0, 32.4000004828, 1, 0
08:41:08, 32.5000004843, 1, 0, 32.5000004843, 1, 0
08:41:08, 32.6000004858, 1, 0, 32.6000004858, 1, 0
08:41:08, 32.7000004873, 1, 0, 32.7000004873, 1, 0
08:41:08, 32.8000004888, 1, 0, 32.8000004888, 1, 0
08:41:08, 32.9000004902, 1, 0, 32.9000004902, 1, 0
08:41:08, 33.0000004917, 1, 0, 33.0000004917, 1, 0
08:41:08, 33.1000004932, 1, 0, 33.1000004932, 1, 0
08:41:08, 33.2000004947, 1, 0, 33.2000004947, 1, 0
08:41:08, 33.3000004962, 1, 0, 33.3000004962, 1, 0
08:41:09, 33.4000004977, 1, 0, 33.4000004977, 1, 0
08:41:09, 33.5000004992, 1, 0, 33.5000004992, 1, 0
08:41:09, 33.6000005007, 1, 0, 33.6000005007, 1, 0
08:41:09, 33.7000005022, 1, 0, 33.7000005022, 1, 0
08:41:09, 33.8000005037, 1, 0, 33.8000005037, 1, 0
08:41:09, 33.9000005051, 1, 0, 33.9000005051, 1, 0
08:41:09, 34.0000005066, 1, 0, 34.0000005066, 1, 0
08:41:09, 34.1000005081, 1, 0, 34.1000005081, 1, 0
08:41:09, 34.2000005096, 1, 0, 34.2000005096, 1, 0
08:41:09, 34.3000005111, 1, 0, 34.3000005111, 1, 0
08:41:10, 34.4000005126, 1, 0, 34.4000005126, 1, 0
08:41:10, 34.5000005141, 1, 0, 34.5000005141, 1, 0
08:41:10, 34.6000005156, 1, 0, 34.6000005156, 1, 0
08:41:10, 34.7000005171, 1, 0, 34.7000005171, 1, 0
08:41:10, 34.8000005186, 1, 0, 34.8000005186, 1, 0
08:41:10, 34.9000005201, 1, 0, 34.9000005201, 1, 0
08:41:10, 35.0000005215, 1, 0, 35.0000005215, 1, 0
08:41:10, 35.100000523, 1, 0, 35.100000523, 1, 0
08:41:10, 35.2000005245, 1, 0, 35.2000005245, 1, 0
08:41:10, 35.300000526, 1, 0, 35.300000526, 1, 0
08:41:11, 35.4000005275, 1, 0, 35.4000005275, 1, 0
08:41:11, 35.500000529, 1, 0, 35.500000529, 1, 0
08:41:11, 35.6000005305, 1, 0, 35.6000005305, 1, 0
08:41:11, 35.700000532, 1, 0, 35.700000532, 1, 0
08:41:11, 35.8000005335, 1, 0, 35.8000005335, 1, 0
08:41:11, 35.900000535, 1, 0, 35.900000535, 1, 0
08:41:11, 36.0000005364, 1, 0, 36.0000005364, 1, 0
08:41:11, 36.1000005379, 1, 0, 36.1000005379, 1, 0
08:41:11, 36.2000005394, 1, 0, 36.2000005394, 1, 0
08:41:11, 36.3000005409, 1, 0, 36.3000005409, 1, 0
08:41:12, 36.4000005424, 1, 0, 36.4000005424, 1, 0
08:41:12, 36.5000005439, 1, 0, 36.5000005439, 1, 0
08:41:12, 36.6000005454, 1, 0, 36.6000005454, 1, 0
08:41:12, 36.7000005469, 1, 0, 36.7000005469, 1, 0
08:41:12, 36.8000005484, 1, 0, 36.8000005484, 1, 0
08:41:12, 36.9000005499, 1, 0, 36.9000005499, 1, 0
08:41:12, 37.0000005513, 1, 0, 37.0000005513, 1, 0
08:41:12, 37.1000005528, 1, 0, 37.1000005528, 1, 0
08:41:12, 37.2000005543, 1, 0, 37.2000005543, 1, 0
08:41:12, 37.3000005558, 1, 0, 37.3000005558, 1, 0
08:41:13, 37.4000005573, 1, 0, 37.4000005573, 1, 0
08:41:13, 37.5000005588, 1, 0, 37.5000005588, 1, 0
08:41:13, 37.6000005603, 1, 0, 37.6000005603, 1, 0
08:41:13, 37.7000005618, 1, 0, 37.7000005618, 1, 0
08:41:13, 37.8000005633, 1, 0, 37.8000005633, 1, 0
08:41:13, 37.9000005648, 1, 0, 37.9000005648, 1, 0
08:41:13, 38.0000005662, 1, 0, 38.0000005662, 1, 0
08:41:13, 38.1000005677, 1, 0, 38.1000005677, 1, 0
08:41:13, 38.2000005692, 1, 0, 38.2000005692, 1, 0
08:41:13, 38.3000005707, 1, 0, 38.3000005707, 1, 0
08:41:14, 38.4000005722, 1, 0, 38.4000005722, 1, 0
08:41:14, 38.5000005737, 1, 0, 38.5000005737, 1, 0
08:41:14, 38.6000005752, 1, 0, 38.6000005752, 1, 0
08:41:14, 38.7000005767, 1, 0, 38.7000005767, 1, 0
08:41:14, 38.8000005782, 1, 0, 38.8000005782, 1, 0
08:41:14, 38.9000005797, 1, 0, 38.9000005797, 1, 0
08:41:14, 39.0000005811, 1, 0, 39.0000005811, 1, 0
08:41:14, 39.1000005826, 1, 0, 39.1000005826, 1, 0
08:41:14, 39.2000005841, 1, 0, 39.2000005841, 1, 0
08:41:14, 39.3000005856, 1, 0, 39.3000005856, 1, 0
08:41:15, 39.4000005871, 1, 0, 39.4000005871, 1, 0
08:41:15, 39.5000005886, 1, 0, 39.5000005886, 1, 0
08:41:15, 39.6000005901, 1, 0, 39.6000005901, 1, 0
08:41:15, 39.7000005916, 1, 0, 39.7000005916, 1, 0
08:41:15, 39.8000005931, 1, 0, 39.8000005931, 1, 0
08:41:15, 39.9000005946, 1, 0, 39.9000005946, 1, 0
08:41:15, 40.000000596, 1, 0, 40.000000596, 1, 0
08:41:15, 40.1000005975, 1, 0, 40.1000005975, 1, 0
08:41:15, 40.200000599, 1, 0, 40.200000599, 1, 0
08:41:15, 40.3000006005, 1, 0, 40.3000006005, 1, 0
08:41:16, 40.400000602, 1, 0, 40.400000602, 1, 0
08:41:16, 40.5000006035, 1, 0, 40.5000006035, 1, 0
08:41:16, 40.600000605, 1, 0, 40.600000605, 1, 0
08:41:16, 40.7000006065, 1, 0, 40.7000006065, 1, 0
08:41:16, 40.800000608, 1, 0, 40.800000608, 1, 0
08:41:16, 40.9000006095, 1, 0, 40.9000006095, 1, 0
08:41:16, 41.0000006109, 1, 0, 41.0000006109, 1, 0
08:41:16, 41.1000006124, 1, 0, 41.1000006124, 1, 0
08:41:16, 41.2000006139, 1, 0, 41.2000006139, 1, 0
08:41:16, 41.3000006154, 1, 0, 41.3000006154, 1, 0
08:41:17, 41.4000006169, 1, 0, 41.4000006169, 1, 0
08:41:17, 41.5000006184, 1, 0, 41.5000006184, 1, 0
08:41:17, 41.6000006199, 1, 0, 41.6000006199, 1, 0
08:41:17, 41.7000006214, 1, 0, 41.7000006214, 1, 0
08:41:17, 41.8000006229, 1, 0, 41.8000006229, 1, 0
08:41:17, 41.9000006244, 1, 0, 41.9000006244, 1, 0
08:41:17, 42.0000006258, 1, 0, 42.0000006258, 1, 0
08:41:17, 42.1000006273, 1, 0, 42.1000006273, 1, 0
08:41:17, 42.2000006288, 1, 0, 42.2000006288, 1, 0
08:41:17, 42.3000006303, 1, 0, 42.3000006303, 1, 0
08:41:18, 42.4000006318, 1, 0, 42.4000006318, 1, 0
08:41:18, 42.5000006333, 1, 0, 42.5000006333, 1, 0
08:41:18, 42.6000006348, 1, 0, 42.6000006348, 1, 0
08:41:18, 42.7000006363, 1, 0, 42.7000006363, 1, 0
08:41:18, 42.8000006378, 1, 0, 42.8000006378, 1, 0
08:41:18, 42.9000006393, 1, 0, 42.9000006393, 1, 0
08:41:18, 43.0000006407, 1, 0, 43.0000006407, 1, 0
08:41:18, 43.1000006422, 1, 0, 43.1000006422, 1, 0
08:41:18, 43.2000006437, 1, 0, 43.2000006437, 1, 0
08:41:18, 43.3000006452, 1, 0, 43.3000006452, 1, 0
08:41:19, 43.4000006467, 1, 0, 43.4000006467, 1, 0
08:41:19, 43.5000006482, 1, 0, 43.5000006482, 1, 0
08:41:19, 43.6000006497, 1, 0, 43.6000006497, 1, 0
08:41:19, 43.7000006512, 1, 0, 43.7000006512, 1, 0
08:41:19, 43.8000006527, 1, 0, 43.8000006527, 1, 0
08:41:19, 43.9000006542, 1, 0, 43.9000006542, 1, 0
08:41:19, 44.0000006557, 1, 0, 44.0000006557, 1, 0
08:41:19, 44.1000006571, 1, 0, 44.1000006571, 1, 0
08:41:19, 44.2000006586, 1, 0, 44.2000006586, 1, 0
08:41:19, 44.3000006601, 1, 0, 44.3000006601, 1, 0
08:41:20, 44.4000006616, 1, 0, 44.4000006616, 1, 0
08:41:20, 44.5000006631, 1, 0, 44.5000006631, 1, 0
08:41:20, 44.6000006646, 1, 0, 44.6000006646, 1, 0
08:41:20, 44.7000006661, 1, 0, 44.7000006661, 1, 0
08:41:20, 44.8000006676, 1, 0, 44.8000006676, 1, 0
08:41:20, 44.9000006691, 1, 0, 44.9000006691, 1, 0
08:41:20, 45.0000006706, 1, 0, 45.0000006706, 1, 0
08:41:20, 45.100000672, 1, 0, 45.100000672, 1, 0
08:41:20, 45.2000006735, 1, 0, 45.2000006735, 1, 0
08:41:20, 45.300000675, 1, 0, 45.300000675, 1, 0
08:41:21, 45.4000006765, 1, 0, 45.4000006765, 1, 0
08:41:21, 45.500000678, 1, 0, 45.500000678, 1, 0
08:41:21, 45.6000006795, 1, 0, 45.6000006795, 1, 0
08:41:21, 45.700000681, 1, 0, 45.700000681, 1, 0
08:41:21, 45.8000006825, 1, 0, 45.8000006825, 1, 0
08:41:21, 45.900000684, 1, 0, 45.900000684, 1, 0
08:41:21, 46.0000006855, 1, 0, 46.0000006855, 1, 0
08:41:21, 46.1000006869, 1, 0, 46.1000006869, 1, 0
08:41:21, 46.2000006884, 1, 0, 46.2000006884, 1, 0
08:41:21, 46.3000006899, 1, 0, 46.3000006899, 1, 0
08:41:22, 46.4000006914, 1, 0, 46.4000006914, 1, 0
08:41:22, 46.5000006929, 1, 0, 46.5000006929, 1, 0
08:41:22, 46.6000006944, 1, 0, 46.6000006944, 1, 0
08:41:22, 46.7000006959, 1, 0, 46.7000006959, 1, 0
08:41:22, 46.8000006974, 1, 0, 46.8000006974, 1, 0
08:41:22, 46.9000006989, 1, 0, 46.9000006989, 1, 0
08:41:22, 47.0000007004, 1, 0, 47.0000007004, 1, 0
08:41:22, 47.1000007018, 1, 0, 47.1000007018, 1, 0
08:41:22, 47.2000007033, 1, 0, 47.2000007033, 1, 0
08:41:22, 47.3000007048, 1, 0, 47.3000007048, 1, 0
08:41:23, 47.4000007063, 1, 0, 47.4000007063, 1, 0
08:41:23, 47.5000007078, 1, 0, 47.5000007078, 1, 0
08:41:23, 47.6000007093, 1, 0, 47.6000007093, 1, 0
08:41:23, 47.7000007108, 1, 0, 47.7000007108, 1, 0
08:41:23, 47.8000007123, 1, 0, 47.8000007123, 1, 0
08:41:23, 47.9000007138, 1, 0, 47.9000007138, 1, 0
08:41:23, 48.0000007153, 1, 0, 48.0000007153, 1, 0
08:41:23, 48.1000007167, 1, 0, 48.1000007167, 1, 0
08:41:23, 48.2000007182, 1, 0, 48.2000007182, 1, 0
08:41:23, 48.3000007197, 1, 0, 48.3000007197, 1, 0
08:41:24, 48.4000007212, 1, 0, 48.4000007212, 1, 0
08:41:24, 48.5000007227, 1, 0, 48.5000007227, 1, 0
08:41:24, 48.6000007242, 1, 0, 48.6000007242, 1, 0
08:41:24, 48.7000007257, 1, 0, 48.7000007257, 1, 0
08:41:24, 48.8000007272, 1, 0, 48.8000007272, 1, 0
08:41:24, 48.9000007287, 1, 0, 48.9000007287, 1, 0
08:41:24, 49.0000007302, 1, 0, 49.0000007302, 1, 0
08:41:24, 49.1000007316, 1, 0, 49.1000007316, 1, 0
08:41:24, 49.2000007331, 1, 0, 49.2000007331, 1, 0
08:41:24, 49.3000007346, 1, 0, 49.3000007346, 1, 0
08:41:25, 49.4000007361, 1, 0, 49.4000007361, 1, 0
08:41:25, 49.5000007376, 1, 0, 49.5000007376, 1, 0
08:41:25, 49.6000007391, 1, 0, 49.6000007391, 1, 0
08:41:25, 49.7000007406, 1, 0, 49.7000007406, 1, 0
08:41:25, 49.8000007421, 1, 0, 49.8000007421, 1, 0
08:41:25, 49.9000007436, 1, 0, 49.9000007436, 1, 0
08:41:25, 50.0000007451, 1, 0, 50.0000007451, 1, 0
08:41:25, 50.1000007465, 1, 0, 50.1000007465, 1, 0
08:41:25, 50.200000748, 1, 0, 50.200000748, 1, 0
08:41:25, 50.3000007495, 1, 0, 50.3000007495, 1, 0
08:41:26, 50.400000751, 1, 0, 50.400000751, 1, 0
08:41:26, 50.5000007525, 1, 0, 50.5000007525, 1, 0
08:41:26, 50.600000754, 1, 0, 50.600000754, 1, 0
08:41:26, 50.7000007555, 1, 0, 50.7000007555, 1, 0
08:41:26, 50.800000757, 1, 0, 50.800000757, 1, 0
08:41:26, 50.9000007585, 1, 0, 50.9000007585, 1, 0
08:41:26, 51.00000076, 1, 0, 51.00000076, 1, 0
08:41:26, 51.1000007614, 1, 0, 51.1000007614, 1, 0
08:41:26, 51.2000007629, 1, 0, 51.2000007629, 1, 0
08:41:26, 51.3000007644, 1, 0, 51.3000007644, 1, 0
08:41:27, 51.4000007659, 1, 0, 51.4000007659, 1, 0
08:41:27, 51.5000007674, 1, 0, 51.5000007674, 1, 0
08:41:27, 51.6000007689, 1, 0, 51.6000007689, 1, 0
08:41:27, 51.7000007704, 1, 0, 51.7000007704, 1, 0
08:41:27, 51.8000007719, 1, 0, 51.8000007719, 1, 0
08:41:27, 51.9000007734, 1, 0, 51.9000007734, 1, 0
08:41:27, 52.0000007749, 1, 0, 52.0000007749, 1, 0
08:41:27, 52.1000007764, 1, 0, 52.1000007764, 1, 0
08:41:27, 52.2000007778, 1, 0, 52.2000007778, 1, 0
08:41:27, 52.3000007793, 1, 0, 52.3000007793, 1, 0
08:41:28, 52.4000007808, 1, 0, 52.4000007808, 1, 0
08:41:28, 52.5000007823, 1, 0, 52.5000007823, 1, 0
08:41:28, 52.6000007838, 1, 0, 52.6000007838, 1, 0
08:41:28, 52.7000007853, 1, 0, 52.7000007853, 1, 0
08:41:28, 52.8000007868, 1, 0, 52.8000007868, 1, 0
08:41:28, 52.9000007883, 1, 0, 52.9000007883, 1, 0
08:41:28, 53.0000007898, 1, 0, 53.0000007898, 1, 0
08:41:28, 53.1000007913, 1, 0, 53.1000007913, 1, 0
08:41:28, 53.2000007927, 1, 0, 53.2000007927, 1, 0
08:41:28, 53.3000007942, 1, 0, 53.3000007942, 1, 0
08:41:29, 53.4000007957, 1, 0, 53.4000007957, 1, 0
08:41:29, 53.5000007972, 1, 0, 53.5000007972, 1, 0
08:41:29, 53.6000007987, 1, 0, 53.6000007987, 1, 0
08:41:29, 53.7000008002, 1, 0, 53.7000008002, 1, 0
08:41:29, 53.8000008017, 1, 0, 53.8000008017, 1, 0
08:41:29, 53.9000008032, 1, 0, 53.9000008032, 1, 0
08:41:29, 54.0000008047, 1, 0, 54.0000008047, 1, 0
08:41:29, 54.1000008062, 1, 0, 54.1000008062, 1, 0
08:41:29, 54.2000008076, 1, 0, 54.2000008076, 1, 0
08:41:29, 54.3000008091, 1, 0, 54.3000008091, 1, 0
08:41:30, 54.4000008106, 1, 0, 54.4000008106, 1, 0
08:41:30, 54.5000008121, 1, 0, 54.5000008121, 1, 0
08:41:30, 54.6000008136, 1, 0, 54.6000008136, 1, 0
08:41:30, 54.7000008151, 1, 0, 54.7000008151, 1, 0
08:41:30, 54.8000008166, 1, 0, 54.8000008166, 1, 0
08:41:30, 54.9000008181, 1, 0, 54.9000008181, 1, 0
08:41:30, 55.0000008196, 1, 0, 55.0000008196, 1, 0
08:41:30, 55.1000008211, 1, 0, 55.1000008211, 1, 0
08:41:30, 55.2000008225, 1, 0, 55.2000008225, 1, 0
08:41:30, 55.300000824, 1, 0, 55.300000824, 1, 0
08:41:31, 55.4000008255, 1, 0, 55.4000008255, 1, 0
08:41:31, 55.500000827, 1, 0, 55.500000827, 1, 0
08:41:31, 55.6000008285, 1, 0, 55.6000008285, 1, 0
08:41:31, 55.70000083, 1, 0, 55.70000083, 1, 0
08:41:31, 55.8000008315, 1, 0, 55.8000008315, 1, 0
08:41:31, 55.900000833, 1, 0, 55.900000833, 1, 0
08:41:31, 56.0000008345, 1, 0, 56.0000008345, 1, 0
08:41:31, 56.100000836, 1, 0, 56.100000836, 1, 0
08:41:31, 56.2000008374, 1, 0, 56.2000008374, 1, 0
08:41:31, 56.3000008389, 1, 0, 56.3000008389, 1, 0
08:41:32, 56.4000008404, 1, 0, 56.4000008404, 1, 0
08:41:32, 56.5000008419, 1, 0, 56.5000008419, 1, 0
08:41:32, 56.6000008434, 1, 0, 56.6000008434, 1, 0
08:41:32, 56.7000008449, 1, 0, 56.7000008449, 1, 0
08:41:32, 56.8000008464, 1, 0, 56.8000008464, 1, 0
08:41:32, 56.9000008479, 1, 0, 56.9000008479, 1, 0
08:41:32, 57.0000008494, 1, 0, 57.0000008494, 1, 0
08:41:32, 57.1000008509, 1, 0, 57.1000008509, 1, 0
08:41:32, 57.2000008523, 1, 0, 57.2000008523, 1, 0
08:41:32, 57.3000008538, 1, 0, 57.3000008538, 1, 0
08:41:33, 57.4000008553, 1, 0, 57.4000008553, 1, 0
08:41:33, 57.5000008568, 1, 0, 57.5000008568, 1, 0
08:41:33, 57.6000008583, 1, 0, 57.6000008583, 1, 0
08:41:33, 57.7000008598, 1, 0, 57.7000008598, 1, 0
08:41:33, 57.8000008613, 1, 0, 57.8000008613, 1, 0
08:41:33, 57.9000008628, 1, 0, 57.9000008628, 1, 0
08:41:33, 58.0000008643, 1, 0, 58.0000008643, 1, 0
08:41:33, 58.1000008658, 1, 0, 58.1000008658, 1, 0
08:41:33, 58.2000008672, 1, 0, 58.2000008672, 1, 0
08:41:33, 58.3000008687, 1, 0, 58.3000008687, 1, 0
08:41:34, 58.4000008702, 1, 0, 58.4000008702, 1, 0
08:41:34, 58.5000008717, 1, 0, 58.5000008717, 1, 0
08:41:34, 58.6000008732, 1, 0, 58.6000008732, 1, 0
08:41:34, 58.7000008747, 1, 0, 58.7000008747, 1, 0
08:41:34, 58.8000008762, 1, 0, 58.8000008762, 1, 0
08:41:34, 58.9000008777, 1, 0, 58.9000008777, 1, 0
08:41:34, 59.0000008792, 1, 0, 59.0000008792, 1, 0
08:41:34, 59.1000008807, 1, 0, 59.1000008807, 1, 0
08:41:34, 59.2000008821, 1, 0, 59.2000008821, 1, 0
08:41:34, 59.3000008836, 1, 0, 59.3000008836, 1, 0
08:41:35, 59.4000008851, 1, 0, 59.4000008851, 1, 0
08:41:35, 59.5000008866, 1, 0, 59.5000008866, 1, 0
08:41:35, 59.6000008881, 1, 0, 59.6000008881, 1, 0
08:41:35, 59.7000008896, 1, 0, 59.7000008896, 1, 0
08:41:35, 59.8000008911, 1, 0, 59.8000008911, 1, 0
08:41:35, 59.9000008926, 1, 0, 59.9000008926, 1, 0
08:41:35, 60.0000008941, 1, 0, 60.0000008941, 1, 0
08:41:35, 60.1000008956, 1, 0, 60.1000008956, 1, 0
08:41:35, 60.200000897, 1, 0, 60.200000897, 1, 0
08:41:35, 60.3000008985, 1, 0, 60.3000008985, 1, 0
08:41:36, 60.4000009, 1, 0, 60.4000009, 1, 0
08:41:36, 60.5000009015, 1, 0, 60.5000009015, 1, 0
08:41:36, 60.600000903, 1, 0, 60.600000903, 1, 0
08:41:36, 60.7000009045, 1, 0, 60.7000009045, 1, 0
08:41:36, 60.800000906, 1, 0, 60.800000906, 1, 0
08:41:36, 60.9000009075, 1, 0, 60.9000009075, 1, 0
08:41:36, 61.000000909, 1, 0, 61.000000909, 1, 0
08:41:36, 61.1000009105, 1, 0, 61.1000009105, 1, 0
08:41:36, 61.200000912, 1, 0, 61.200000912, 1, 0
08:41:36, 61.3000009134, 1, 0, 61.3000009134, 1, 0
08:41:37, 61.4000009149, 1, 0, 61.4000009149, 1, 0
08:41:37, 61.5000009164, 1, 0, 61.5000009164, 1, 0
08:41:37, 61.6000009179, 1, 0, 61.6000009179, 1, 0
08:41:37, 61.7000009194, 1, 0, 61.7000009194, 1, 0
08:41:37, 61.8000009209, 1, 0, 61.8000009209, 1, 0
08:41:37, 61.9000009224, 1, 0, 61.9000009224, 1, 0
08:41:37, 62.0000009239, 1, 0, 62.0000009239, 1, 0
08:41:37, 62.1000009254, 1, 0, 62.1000009254, 1, 0
08:41:37, 62.2000009269, 1, 0, 62.2000009269, 1, 0
08:41:37, 62.3000009283, 1, 0, 62.3000009283, 1, 0
08:41:38, 62.4000009298, 1, 0, 62.4000009298, 1, 0
08:41:38, 62.5000009313, 1, 0, 62.5000009313, 1, 0
08:41:38, 62.6000009328, 1, 0, 62.6000009328, 1, 0
08:41:38, 62.7000009343, 1, 0, 62.7000009343, 1, 0
08:41:38, 62.8000009358, 1, 0, 62.8000009358, 1, 0
08:41:38, 62.9000009373, 1, 0, 62.9000009373, 1, 0
08:41:38, 63.0000009388, 1, 0, 63.0000009388, 1, 0
08:41:38, 63.1000009403, 1, 0, 63.1000009403, 1, 0
08:41:38, 63.2000009418, 1, 0, 63.2000009418, 1, 0
08:41:38, 63.3000009432, 1, 0, 63.3000009432, 1, 0
08:41:39, 63.4000009447, 1, 0, 63.4000009447, 1, 0
08:41:39, 63.5000009462, 1, 0, 63.5000009462, 1, 0
08:41:39, 63.6000009477, 1, 0, 63.6000009477, 1, 0
08:41:39, 63.7000009492, 1, 0, 63.7000009492, 1, 0
08:41:39, 63.8000009507, 1, 0, 63.8000009507, 1, 0
08:41:39, 63.9000009522, 1, 0, 63.9000009522, 1, 0
08:41:39, 64.0000009537, 1, 0, 64.0000009537, 1, 0
08:41:39, 64.1000009552, 1, 0, 64.1000009552, 1, 0
08:41:39, 64.2000009567, 1, 0, 64.2000009567, 1, 0
08:41:39, 64.3000009581, 1, 0, 64.3000009581, 1, 0
08:41:40, 64.4000009596, 1, 0, 64.4000009596, 1, 0
08:41:40, 64.5000009611, 1, 0, 64.5000009611, 1, 0
08:41:40, 64.6000009626, 1, 0, 64.6000009626, 1, 0
08:41:40, 64.7000009641, 1, 0, 64.7000009641, 1, 0
08:41:40, 64.8000009656, 1, 0, 64.8000009656, 1, 0
08:41:40, 64.9000009671, 1, 0, 64.9000009671, 1, 0
08:41:40, 65.0000009686, 1, 0, 65.0000009686, 1, 0
08:41:40, 65.1000009701, 1, 0, 65.1000009701, 1, 0
08:41:40, 65.2000009716, 1, 0, 65.2000009716, 1, 0
08:41:40, 65.300000973, 1, 0, 65.300000973, 1, 0
08:41:41, 65.4000009745, 1, 0, 65.4000009745, 1, 0
08:41:41, 65.500000976, 1, 0, 65.500000976, 1, 0
08:41:41, 65.6000009775, 1, 0, 65.6000009775, 1, 0
08:41:41, 65.700000979, 1, 0, 65.700000979, 1, 0
08:41:41, 65.8000009805, 1, 0, 65.8000009805, 1, 0
08:41:41, 65.900000982, 1, 0, 65.900000982, 1, 0
08:41:41, 66.0000009835, 1, 0, 66.0000009835, 1, 0
08:41:41, 66.100000985, 1, 0, 66.100000985, 1, 0
08:41:41, 66.2000009865, 1, 0, 66.2000009865, 1, 0
08:41:41, 66.3000009879, 1, 0, 66.3000009879, 1, 0
08:41:42, 66.4000009894, 1, 0, 66.4000009894, 1, 0
08:41:42, 66.5000009909, 1, 0, 66.5000009909, 1, 0
08:41:42, 66.6000009924, 1, 0, 66.6000009924, 1, 0
08:41:42, 66.7000009939, 1, 0, 66.7000009939, 1, 0
08:41:42, 66.8000009954, 1, 0, 66.8000009954, 1, 0
08:41:42, 66.9000009969, 1, 0, 66.9000009969, 1, 0
08:41:42, 67.0000009984, 1, 0, 67.0000009984, 1, 0
08:41:42, 67.1000009999, 1, 0, 67.1000009999, 1, 0
08:41:42, 67.2000010014, 1, 0, 67.2000010014, 1, 0
08:41:42, 67.3000010028, 1, 0, 67.3000010028, 1, 0
08:41:43, 67.4000010043, 1, 0, 67.4000010043, 1, 0
08:41:43, 67.5000010058, 1, 0, 67.5000010058, 1, 0
08:41:43, 67.6000010073, 1, 0, 67.6000010073, 1, 0
08:41:43, 67.7000010088, 1, 0, 67.7000010088, 1, 0
08:41:43, 67.8000010103, 1, 0, 67.8000010103, 1, 0
08:41:43, 67.9000010118, 1, 0, 67.9000010118, 1, 0
08:41:43, 68.0000010133, 1, 0, 68.0000010133, 1, 0
08:41:43, 68.1000010148, 1, 0, 68.1000010148, 1, 0
08:41:43, 68.2000010163, 1, 0, 68.2000010163, 1, 0
08:41:43, 68.3000010177, 1, 0, 68.3000010177, 1, 0
08:41:44, 68.4000010192, 1, 0, 68.4000010192, 1, 0
08:41:44, 68.5000010207, 1, 0, 68.5000010207, 1, 0
08:41:44, 68.6000010222, 1, 0, 68.6000010222, 1, 0
08:41:44, 68.7000010237, 1, 0, 68.7000010237, 1, 0
08:41:44, 68.8000010252, 1, 0, 68.8000010252, 1, 0
08:41:44, 68.9000010267, 1, 0, 68.9000010267, 1, 0
08:41:44, 69.0000010282, 1, 0, 69.0000010282, 1, 0
08:41:44, 69.1000010297, 1, 0, 69.1000010297, 1, 0
08:41:44, 69.2000010312, 1, 0, 69.2000010312, 1, 0
08:41:44, 69.3000010327, 1, 0, 69.3000010327, 1, 0
08:41:45, 69.4000010341, 1, 0, 69.4000010341, 1, 0
08:41:45, 69.5000010356, 1, 0, 69.5000010356, 1, 0
08:41:45, 69.6000010371, 1, 0, 69.6000010371, 1, 0
08:41:45, 69.7000010386, 1, 0, 69.7000010386, 1, 0
08:41:45, 69.8000010401, 1, 0, 69.8000010401, 1, 0
08:41:45, 69.9000010416, 1, 0, 69.9000010416, 1, 0
08:41:45, 70.0000010431, 1, 0, 70.0000010431, 1, 0
08:41:45, 70.1000010446, 1, 0, 70.1000010446, 1, 0
08:41:45, 70.2000010461, 1, 0, 70.2000010461, 1, 0
08:41:45, 70.3000010476, 1, 0, 70.3000010476, 1, 0
08:41:46, 70.400001049, 1, 0, 70.400001049, 1, 0
08:41:46, 70.5000010505, 1, 0, 70.5000010505, 1, 0
08:41:46, 70.600001052, 1, 0, 70.600001052, 1, 0
08:41:46, 70.7000010535, 1, 0, 70.7000010535, 1, 0
08:41:46, 70.800001055, 1, 0, 70.800001055, 1, 0
08:41:46, 70.9000010565, 1, 0, 70.9000010565, 1, 0
08:41:46, 71.000001058, 1, 0, 71.000001058, 1, 0
08:41:46, 71.1000010595, 1, 0, 71.1000010595, 1, 0
08:41:46, 71.200001061, 1, 0, 71.200001061, 1, 0
08:41:46, 71.3000010625, 1, 0, 71.3000010625, 1, 0
08:41:47, 71.4000010639, 1, 0, 71.4000010639, 1, 0
08:41:47, 71.5000010654, 1, 0, 71.5000010654, 1, 0
08:41:47, 71.6000010669, 1, 0, 71.6000010669, 1, 0
08:41:47, 71.7000010684, 1, 0, 71.7000010684, 1, 0
08:41:47, 71.8000010699, 1, 0, 71.8000010699, 1, 0
08:41:47, 71.9000010714, 1, 0, 71.9000010714, 1, 0
08:41:47, 72.0000010729, 1, 0, 72.0000010729, 1, 0
08:41:47, 72.1000010744, 1, 0, 72.1000010744, 1, 0
08:41:47, 72.2000010759, 1, 0, 72.2000010759, 1, 0
08:41:47, 72.3000010774, 1, 0, 72.3000010774, 1, 0
08:41:48, 72.4000010788, 1, 0, 72.4000010788, 1, 0
08:41:48, 72.5000010803, 1, 0, 72.5000010803, 1, 0
08:41:48, 72.6000010818, 1, 0, 72.6000010818, 1, 0
08:41:48, 72.7000010833, 1, 0, 72.7000010833, 1, 0
08:41:48, 72.8000010848, 1, 0, 72.8000010848, 1, 0
08:41:48, 72.9000010863, 1, 0, 72.9000010863, 1, 0
08:41:48, 73.0000010878, 1, 0, 73.0000010878, 1, 0
08:41:48, 73.1000010893, 1, 0, 73.1000010893, 1, 0
08:41:48, 73.2000010908, 1, 0, 73.2000010908, 1, 0
08:41:48, 73.3000010923, 1, 0, 73.3000010923, 1, 0
08:41:49, 73.4000010937, 1, 0, 73.4000010937, 1, 0
08:41:49, 73.5000010952, 1, 0, 73.5000010952, 1, 0
08:41:49, 73.6000010967, 1, 0, 73.6000010967, 1, 0
08:41:49, 73.7000010982, 1, 0, 73.7000010982, 1, 0
08:41:49, 73.8000010997, 1, 0, 73.8000010997, 1, 0
08:41:49, 73.9000011012, 1, 0, 73.9000011012, 1, 0
08:41:49, 74.0000011027, 1, 0, 74.0000011027, 1, 0
08:41:49, 74.1000011042, 1, 0, 74.1000011042, 1, 0
08:41:49, 74.2000011057, 1, 0, 74.2000011057, 1, 0
08:41:49, 74.3000011072, 1, 0, 74.3000011072, 1, 0
08:41:50, 74.4000011086, 1, 0, 74.4000011086, 1, 0
08:41:50, 74.5000011101, 1, 0, 74.5000011101, 1, 0
08:41:50, 74.6000011116, 1, 0, 74.6000011116, 1, 0
08:41:50, 74.7000011131, 1, 0, 74.7000011131, 1, 0
08:41:50, 74.8000011146, 1, 0, 74.8000011146, 1, 0
08:41:50, 74.9000011161, 1, 0, 74.9000011161, 1, 0
08:41:50, 75.0000011176, 1, 0, 75.0000011176, 1, 0
08:41:50, 75.1000011191, 1, 0, 75.1000011191, 1, 0
08:41:50, 75.2000011206, 1, 0, 75.2000011206, 1, 0
08:41:50, 75.3000011221, 1, 0, 75.3000011221, 1, 0
08:41:51, 75.4000011235, 1, 0, 75.4000011235, 1, 0
08:41:51, 75.500001125, 1, 0, 75.500001125, 1, 0
08:41:51, 75.6000011265, 1, 0, 75.6000011265, 1, 0
08:41:51, 75.700001128, 1, 0, 75.700001128, 1, 0
08:41:51, 75.8000011295, 1, 0, 75.8000011295, 1, 0
08:41:51, 75.900001131, 1, 0, 75.900001131, 1, 0
08:41:51, 76.0000011325, 1, 0, 76.0000011325, 1, 0
08:41:51, 76.100001134, 1, 0, 76.100001134, 1, 0
08:41:51, 76.2000011355, 1, 0, 76.2000011355, 1, 0
08:41:51, 76.300001137, 1, 0, 76.300001137, 1, 0
08:41:52, 76.4000011384, 1, 0, 76.4000011384, 1, 0
08:41:52, 76.5000011399, 1, 0, 76.5000011399, 1, 0
08:41:52, 76.6000011414, 1, 0, 76.6000011414, 1, 0
08:41:52, 76.7000011429, 1, 0, 76.7000011429, 1, 0
08:41:52, 76.8000011444, 1, 0, 76.8000011444, 1, 0
08:41:52, 76.9000011459, 1, 0, 76.9000011459, 1, 0
08:41:52, 77.0000011474, 1, 0, 77.0000011474, 1, 0
08:41:52, 77.1000011489, 1, 0, 77.1000011489, 1, 0
08:41:52, 77.2000011504, 1, 0, 77.2000011504, 1, 0
08:41:52, 77.3000011519, 1, 0, 77.3000011519, 1, 0
08:41:53, 77.4000011533, 1, 0, 77.4000011533, 1, 0
08:41:53, 77.5000011548, 1, 0, 77.5000011548, 1, 0
08:41:53, 77.6000011563, 1, 0, 77.6000011563, 1, 0
08:41:53, 77.7000011578, 1, 0, 77.7000011578, 1, 0
08:41:53, 77.8000011593, 1, 0, 77.8000011593, 1, 0
08:41:53, 77.9000011608, 1, 0, 77.9000011608, 1, 0
08:41:53, 78.0000011623, 1, 0, 78.0000011623, 1, 0
08:41:53, 78.1000011638, 1, 0, 78.1000011638, 1, 0
08:41:53, 78.2000011653, 1, 0, 78.2000011653, 1, 0
08:41:53, 78.3000011668, 1, 0, 78.3000011668, 1, 0
08:41:54, 78.4000011683, 1, 0, 78.4000011683, 1, 0
08:41:54, 78.5000011697, 1, 0, 78.5000011697, 1, 0
08:41:54, 78.6000011712, 1, 0, 78.6000011712, 1, 0
08:41:54, 78.7000011727, 1, 0, 78.7000011727, 1, 0
08:41:54, 78.8000011742, 1, 0, 78.8000011742, 1, 0
08:41:54, 78.9000011757, 1, 0, 78.9000011757, 1, 0
08:41:54, 79.0000011772, 1, 0, 79.0000011772, 1, 0
08:41:54, 79.1000011787, 1, 0, 79.1000011787, 1, 0
08:41:54, 79.2000011802, 1, 0, 79.2000011802, 1, 0
08:41:54, 79.3000011817, 1, 0, 79.3000011817, 1, 0
08:41:55, 79.4000011832, 1, 0, 79.4000011832, 1, 0
08:41:55, 79.5000011846, 1, 0, 79.5000011846, 1, 0
08:41:55, 79.6000011861, 1, 0, 79.6000011861, 1, 0
08:41:55, 79.7000011876, 1, 0, 79.7000011876, 1, 0
08:41:55, 79.8000011891, 1, 0, 79.8000011891, 1, 0
08:41:55, 79.9000011906, 1, 0, 79.9000011906, 1, 0
08:41:55, 80.0000011921, 1, 0, 80.0000011921, 1, 0
08:41:55, 80.1000011936, 1, 0, 80.1000011936, 1, 0
08:41:55, 80.2000011951, 1, 0, 80.2000011951, 1, 0
08:41:55, 80.3000011966, 1, 0, 80.3000011966, 1, 0
08:41:56, 80.4000011981, 1, 0, 80.4000011981, 1, 0
08:41:56, 80.5000011995, 1, 0, 80.5000011995, 1, 0
08:41:56, 80.600001201, 1, 0, 80.600001201, 1, 0
08:41:56, 80.7000012025, 1, 0, 80.7000012025, 1, 0
08:41:56, 80.800001204, 1, 0, 80.800001204, 1, 0
08:41:56, 80.9000012055, 1, 0, 80.9000012055, 1, 0
08:41:56, 81.000001207, 1, 0, 81.000001207, 1, 0
08:41:56, 81.1000012085, 1, 0, 81.1000012085, 1, 0
08:41:56, 81.20000121, 1, 0, 81.20000121, 1, 0
08:41:56, 81.3000012115, 1, 0, 81.3000012115, 1, 0
08:41:57, 81.400001213, 1, 0, 81.400001213, 1, 0
08:41:57, 81.5000012144, 1, 0, 81.5000012144, 1, 0
08:41:57, 81.6000012159, 1, 0, 81.6000012159, 1, 0
08:41:57, 81.7000012174, 1, 0, 81.7000012174, 1, 0
08:41:57, 81.8000012189, 1, 0, 81.8000012189, 1, 0
08:41:57, 81.9000012204, 1, 0, 81.9000012204, 1, 0
08:41:57, 82.0000012219, 1, 0, 82.0000012219, 1, 0
08:41:57, 82.1000012234, 1, 0, 82.1000012234, 1, 0
08:41:57, 82.2000012249, 1, 0, 82.2000012249, 1, 0
08:41:57, 82.3000012264, 1, 0, 82.3000012264, 1, 0
08:41:58, 82.4000012279, 1, 0, 82.4000012279, 1, 0
08:41:58, 82.5000012293, 1, 0, 82.5000012293, 1, 0
08:41:58, 82.6000012308, 1, 0, 82.6000012308, 1, 0
08:41:58, 82.7000012323, 1, 0, 82.7000012323, 1, 0
08:41:58, 82.8000012338, 1, 0, 82.8000012338, 1, 0
08:41:58, 82.9000012353, 1, 0, 82.9000012353, 1, 0
08:41:58, 83.0000012368, 1, 0, 83.0000012368, 1, 0
08:41:58, 83.1000012383, 1, 0, 83.1000012383, 1, 0
08:41:58, 83.2000012398, 1, 0, 83.2000012398, 1, 0
08:41:58, 83.3000012413, 1, 0, 83.3000012413, 1, 0
08:41:59, 83.4000012428, 1, 0, 83.4000012428, 1, 0
08:41:59, 83.5000012442, 1, 0, 83.5000012442, 1, 0
08:41:59, 83.6000012457, 1, 0, 83.6000012457, 1, 0
08:41:59, 83.7000012472, 1, 0, 83.7000012472, 1, 0
08:41:59, 83.8000012487, 1, 0, 83.8000012487, 1, 0
08:41:59, 83.9000012502, 1, 0, 83.9000012502, 1, 0
08:41:59, 84.0000012517, 1, 0, 84.0000012517, 1, 0
08:41:59, 84.1000012532, 1, 0, 84.1000012532, 1, 0
08:41:59, 84.2000012547, 1, 0, 84.2000012547, 1, 0
08:41:59, 84.3000012562, 1, 0, 84.3000012562, 1, 0
08:42:00, 84.4000012577, 1, 0, 84.4000012577, 1, 0
08:42:00, 84.5000012591, 1, 0, 84.5000012591, 1, 0
08:42:00, 84.6000012606, 1, 0, 84.6000012606, 1, 0
08:42:00, 84.7000012621, 1, 0, 84.7000012621, 1, 0
08:42:00, 84.8000012636, 1, 0, 84.8000012636, 1, 0
08:42:00, 84.9000012651, 1, 0, 84.9000012651, 1, 0
08:42:00, 85.0000012666, 1, 0, 85.0000012666, 1, 0
08:42:00, 85.1000012681, 1, 0, 85.1000012681, 1, 0
08:42:00, 85.2000012696, 1, 0, 85.2000012696, 1, 0
08:42:00, 85.3000012711, 1, 0, 85.3000012711, 1, 0
08:42:01, 85.4000012726, 1, 0, 85.4000012726, 1, 0
08:42:01, 85.500001274, 1, 0, 85.500001274, 1, 0
08:42:01, 85.6000012755, 1, 0, 85.6000012755, 1, 0
08:42:01, 85.700001277, 1, 0, 85.700001277, 1, 0
08:42:01, 85.8000012785, 1, 0, 85.8000012785, 1, 0
08:42:01, 85.90000128, 1, 0, 85.90000128, 1, 0
08:42:01, 86.0000012815, 1, 0, 86.0000012815, 1, 0
08:42:01, 86.100001283, 1, 0, 86.100001283, 1, 0
08:42:01, 86.2000012845, 1, 0, 86.2000012845, 1, 0
08:42:01, 86.300001286, 1, 0, 86.300001286, 1, 0
08:42:02, 86.4000012875, 1, 0, 86.4000012875, 1, 0
08:42:02, 86.500001289, 1, 0, 86.500001289, 1, 0
08:42:02, 86.6000012904, 1, 0, 86.6000012904, 1, 0
08:42:02, 86.7000012919, 1, 0, 86.7000012919, 1, 0
08:42:02, 86.8000012934, 1, 0, 86.8000012934, 1, 0
08:42:02, 86.9000012949, 1, 0, 86.9000012949, 1, 0
08:42:02, 87.0000012964, 1, 0, 87.0000012964, 1, 0
08:42:02, 87.1000012979, 1, 0, 87.1000012979, 1, 0
08:42:02, 87.2000012994, 1, 0, 87.2000012994, 1, 0
08:42:02, 87.3000013009, 1, 0, 87.3000013009, 1, 0
08:42:03, 87.4000013024, 1, 0, 87.4000013024, 1, 0
08:42:03, 87.5000013039, 1, 0, 87.5000013039, 1, 0
08:42:03, 87.6000013053, 1, 0, 87.6000013053, 1, 0
08:42:03, 87.7000013068, 1, 0, 87.7000013068, 1, 0
08:42:03, 87.8000013083, 1, 0, 87.8000013083, 1, 0
08:42:03, 87.9000013098, 1, 0, 87.9000013098, 1, 0
08:42:03, 88.0000013113, 1, 0, 88.0000013113, 1, 0
08:42:03, 88.1000013128, 1, 0, 88.1000013128, 1, 0
08:42:03, 88.2000013143, 1, 0, 88.2000013143, 1, 0
08:42:03, 88.3000013158, 1, 0, 88.3000013158, 1, 0
08:42:04, 88.4000013173, 1, 0, 88.4000013173, 1, 0
08:42:04, 88.5000013188, 1, 0, 88.5000013188, 1, 0
08:42:04, 88.6000013202, 1, 0, 88.6000013202, 1, 0
08:42:04, 88.7000013217, 1, 0, 88.7000013217, 1, 0
08:42:04, 88.8000013232, 1, 0, 88.8000013232, 1, 0
08:42:04, 88.9000013247, 1, 0, 88.9000013247, 1, 0
08:42:04, 89.0000013262, 1, 0, 89.0000013262, 1, 0
08:42:04, 89.1000013277, 1, 0, 89.1000013277, 1, 0
08:42:04, 89.2000013292, 1, 0, 89.2000013292, 1, 0
08:42:04, 89.3000013307, 1, 0, 89.3000013307, 1, 0
08:42:05, 89.4000013322, 1, 0, 89.4000013322, 1, 0
08:42:05, 89.5000013337, 1, 0, 89.5000013337, 1, 0
08:42:05, 89.6000013351, 1, 0, 89.6000013351, 1, 0
08:42:05, 89.7000013366, 1, 0, 89.7000013366, 1, 0
08:42:05, 89.8000013381, 1, 0, 89.8000013381, 1, 0
08:42:05, 89.9000013396, 1, 0, 89.9000013396, 1, 0
08:42:05, 90.0000013411, 1, 0, 90.0000013411, 1, 0
08:42:05, 90.1000013426, 1, 0, 90.1000013426, 1, 0
08:42:05, 90.2000013441, 1, 0, 90.2000013441, 1, 0
08:42:05, 90.3000013456, 1, 0, 90.3000013456, 1, 0
08:42:06, 90.4000013471, 1, 0, 90.4000013471, 1, 0
08:42:06, 90.5000013486, 1, 0, 90.5000013486, 1, 0
08:42:06, 90.60000135, 1, 0, 90.60000135, 1, 0
08:42:06, 90.7000013515, 1, 0, 90.7000013515, 1, 0
08:42:06, 90.800001353, 1, 0, 90.800001353, 1, 0
08:42:06, 90.9000013545, 1, 0, 90.9000013545, 1, 0
08:42:06, 91.000001356, 1, 0, 91.000001356, 1, 0
08:42:06, 91.1000013575, 1, 0, 91.1000013575, 1, 0
08:42:06, 91.200001359, 1, 0, 91.200001359, 1, 0
08:42:06, 91.3000013605, 1, 0, 91.3000013605, 1, 0
08:42:07, 91.400001362, 1, 0, 91.400001362, 1, 0
08:42:07, 91.5000013635, 1, 0, 91.5000013635, 1, 0
08:42:07, 91.6000013649, 1, 0, 91.6000013649, 1, 0
08:42:07, 91.7000013664, 1, 0, 91.7000013664, 1, 0
08:42:07, 91.8000013679, 1, 0, 91.8000013679, 1, 0
08:42:07, 91.9000013694, 1, 0, 91.9000013694, 1, 0
08:42:07, 92.0000013709, 1, 0, 92.0000013709, 1, 0
08:42:07, 92.1000013724, 1, 0, 92.1000013724, 1, 0
08:42:07, 92.2000013739, 1, 0, 92.2000013739, 1, 0
08:42:07, 92.3000013754, 1, 0, 92.3000013754, 1, 0
08:42:08, 92.4000013769, 1, 0, 92.4000013769, 1, 0
08:42:08, 92.5000013784, 1, 0, 92.5000013784, 1, 0
08:42:08, 92.6000013798, 1, 0, 92.6000013798, 1, 0
08:42:08, 92.7000013813, 1, 0, 92.7000013813, 1, 0
08:42:08, 92.8000013828, 1, 0, 92.8000013828, 1, 0
08:42:08, 92.9000013843, 1, 0, 92.9000013843, 1, 0
08:42:08, 93.0000013858, 1, 0, 93.0000013858, 1, 0
08:42:08, 93.1000013873, 1, 0, 93.1000013873, 1, 0
08:42:08, 93.2000013888, 1, 0, 93.2000013888, 1, 0
08:42:08, 93.3000013903, 1, 0, 93.3000013903, 1, 0
08:42:09, 93.4000013918, 1, 0, 93.4000013918, 1, 0
08:42:09, 93.5000013933, 1, 0, 93.5000013933, 1, 0
08:42:09, 93.6000013947, 1, 0, 93.6000013947, 1, 0
08:42:09, 93.7000013962, 1, 0, 93.7000013962, 1, 0
08:42:09, 93.8000013977, 1, 0, 93.8000013977, 1, 0
08:42:09, 93.9000013992, 1, 0, 93.9000013992, 1, 0
08:42:09, 94.0000014007, 1, 0, 94.0000014007, 1, 0
08:42:09, 94.1000014022, 1, 0, 94.1000014022, 1, 0
08:42:09, 94.2000014037, 1, 0, 94.2000014037, 1, 0
08:42:09, 94.3000014052, 1, 0, 94.3000014052, 1, 0
08:42:10, 94.4000014067, 1, 0, 94.4000014067, 1, 0
08:42:10, 94.5000014082, 1, 0, 94.5000014082, 1, 0
08:42:10, 94.6000014096, 1, 0, 94.6000014096, 1, 0
08:42:10, 94.7000014111, 1, 0, 94.7000014111, 1, 0
08:42:10, 94.8000014126, 1, 0, 94.8000014126, 1, 0
08:42:10, 94.9000014141, 1, 0, 94.9000014141, 1, 0
08:42:10, 95.0000014156, 1, 0, 95.0000014156, 1, 0
08:42:10, 95.1000014171, 1, 0, 95.1000014171, 1, 0
08:42:10, 95.2000014186, 1, 0, 95.2000014186, 1, 0
08:42:10, 95.3000014201, 1, 0, 95.3000014201, 1, 0
08:42:11, 95.4000014216, 1, 0, 95.4000014216, 1, 0
08:42:11, 95.5000014231, 1, 0, 95.5000014231, 1, 0
08:42:11, 95.6000014246, 1, 0, 95.6000014246, 1, 0
08:42:11, 95.700001426, 1, 0, 95.700001426, 1, 0
08:42:11, 95.8000014275, 1, 0, 95.8000014275, 1, 0
08:42:11, 95.900001429, 1, 0, 95.900001429, 1, 0
08:42:11, 96.0000014305, 1, 0, 96.0000014305, 1, 0
08:42:11, 96.100001432, 1, 0, 96.100001432, 1, 0
08:42:11, 96.2000014335, 1, 0, 96.2000014335, 1, 0
08:42:11, 96.300001435, 1, 0, 96.300001435, 1, 0
08:42:12, 96.4000014365, 1, 0, 96.4000014365, 1, 0
08:42:12, 96.500001438, 1, 0, 96.500001438, 1, 0
08:42:12, 96.6000014395, 1, 0, 96.6000014395, 1, 0
08:42:12, 96.7000014409, 1, 0, 96.7000014409, 1, 0
08:42:12, 96.8000014424, 1, 0, 96.8000014424, 1, 0
08:42:12, 96.9000014439, 1, 0, 96.9000014439, 1, 0
08:42:12, 97.0000014454, 1, 0, 97.0000014454, 1, 0
08:42:12, 97.1000014469, 1, 0, 97.1000014469, 1, 0
08:42:12, 97.2000014484, 1, 0, 97.2000014484, 1, 0
08:42:12, 97.3000014499, 1, 0, 97.3000014499, 1, 0
08:42:13, 97.4000014514, 1, 0, 97.4000014514, 1, 0
08:42:13, 97.5000014529, 1, 0, 97.5000014529, 1, 0
08:42:13, 97.6000014544, 1, 0, 97.6000014544, 1, 0
08:42:13, 97.7000014558, 1, 0, 97.7000014558, 1, 0
08:42:13, 97.8000014573, 1, 0, 97.8000014573, 1, 0
08:42:13, 97.9000014588, 1, 0, 97.9000014588, 1, 0
08:42:13, 98.0000014603, 1, 0, 98.0000014603, 1, 0
08:42:13, 98.1000014618, 1, 0, 98.1000014618, 1, 0
08:42:13, 98.2000014633, 1, 0, 98.2000014633, 1, 0
08:42:13, 98.3000014648, 1, 0, 98.3000014648, 1, 0
08:42:14, 98.4000014663, 1, 0, 98.4000014663, 1, 0
08:42:14, 98.5000014678, 1, 0, 98.5000014678, 1, 0
08:42:14, 98.6000014693, 1, 0, 98.6000014693, 1, 0
08:42:14, 98.7000014707, 1, 0, 98.7000014707, 1, 0
08:42:14, 98.8000014722, 1, 0, 98.8000014722, 1, 0
08:42:14, 98.9000014737, 1, 0, 98.9000014737, 1, 0
08:42:14, 99.0000014752, 1, 0, 99.0000014752, 1, 0
08:42:14, 99.1000014767, 1, 0, 99.1000014767, 1, 0
08:42:14, 99.2000014782, 1, 0, 99.2000014782, 1, 0
08:42:14, 99.3000014797, 1, 0, 99.3000014797, 1, 0
08:42:15, 99.4000014812, 1, 0, 99.4000014812, 1, 0
08:42:15, 99.5000014827, 1, 0, 99.5000014827, 1, 0
08:42:15, 99.6000014842, 1, 0, 99.6000014842, 1, 0
08:42:15, 99.7000014856, 1, 0, 99.7000014856, 1, 0
08:42:15, 99.8000014871, 1, 0, 99.8000014871, 1, 0
08:42:15, 99.9000014886, 1, 0, 99.9000014886, 1, 0
08:42:15, 100.00000149, 1, 0, 100.00000149, 1, 0
